cluster,total_events,events_last_30d,events_last_7d,unique_event_types,login_events,view_events,click_events,purchase_events,days_with_events,days_since_last_event
0,16.033492822966508,0.0,0.0,4.607655502392345,4.822966507177034,4.8086124401913874,3.1818181818181817,1.569377990430622,15.090909090909092,384.1578947368421
1,29.427672955974842,0.0,0.0,4.937106918238993,8.949685534591195,8.364779874213836,6.10062893081761,3.0314465408805034,26.540880503144653,380.52201257861634
2,6.142857142857143,0.0,0.0,2.607142857142857,2.0714285714285716,2.0714285714285716,1.1428571428571428,0.35714285714285715,6.107142857142857,423.10714285714283
3,49.15384615384615,0.0,0.0,5.0,13.971153846153847,14.548076923076923,10.134615384615385,5.5576923076923075,42.79807692307692,378.2692307692308
