{
  "train_samples": 400,
  "test_samples": 100,
  "train_mae": 0.7833519589591907,
  "train_rmse": 1.211035098336058,
  "train_r2": 0.9926482883346853,
  "test_mae": 1.7490055813012242,
  "test_rmse": 2.516956178790931,
  "test_r2": 0.9713111656283224,
  "target_range": {
    "min": 2.0,
    "max": 73.0
  }
}